{
    "accuracy": 0.7921348314606742,
    "precision_0": 0.8090909090909091,
    "recall_0": 0.8476190476190476,
    "f1_0": 0.827906976744186,
    "precision_1": 0.7647058823529411,
    "recall_1": 0.7123287671232876,
    "f1_1": 0.7375886524822695
}
